Fund Name,P1,P2,P3,P4,P5,Topsis Score,Rank
M1,0.81,0.66,6.7,58.3,16.62,0.7219175878680923,1
M2,0.89,0.79,3.9,68.3,18.47,0.6043123719336683,4
M3,0.7,0.49,6.0,48.6,13.95,0.4445772001973249,6
M4,0.64,0.41,3.1,66.6,17.69,0.28994377085558243,8
M5,0.69,0.48,5.5,49.0,13.92,0.3878197631887507,7
M6,0.87,0.76,4.5,69.7,18.96,0.6614598538004959,2
M7,0.85,0.72,6.7,47.6,13.97,0.6400380482631576,3
M8,0.85,0.72,4.3,62.0,16.97,0.5696308911262564,5
