Fund Name,P1,P2,P3,P4,P5,Topsis Score,Rank
M1,0.93,0.86,4.0,37.6,10.85,0.5272028473746453,3
M2,0.92,0.85,6.9,39.6,12.07,0.45803955207944225,6
M3,0.94,0.88,3.8,50.5,14.03,0.7025829739508043,1
M4,0.81,0.66,4.3,43.1,12.22,0.50850369135796,4
M5,0.61,0.37,5.9,41.8,12.17,0.30283604416776316,8
M6,0.72,0.52,6.3,52.1,14.91,0.4843076519132018,5
M7,0.73,0.53,5.0,60.5,16.69,0.6055599220263435,2
M8,0.61,0.37,3.9,32.9,9.45,0.3505870207074083,7
